{
    "tags": {
        "9": {
            "general": 0.7853958606719971,
            "sensitive": 0.20146718621253967,
            "questionable": 0.0010708272457122803,
            "explicit": 0.0007107555866241455
        },
        "0": {
            "1girl": 0.9891510009765625,
            "solo": 0.9818216562271118,
            "smile": 0.8071503639221191,
            "open_mouth": 0.7297495603561401,
            "bangs": 0.6935861110687256,
            "skirt": 0.9087378978729248,
            "brown_hair": 0.9099286794662476,
            "long_sleeves": 0.8057316541671753,
            "white_background": 0.9219181537628174,
            "holding": 0.787399411201477,
            "standing": 0.6324909925460815,
            "closed_eyes": 0.8502427935600281,
            "ahoge": 0.8735060691833496,
            ":d": 0.6996132135391235,
            "pleated_skirt": 0.8542519807815552,
            "japanese_clothes": 0.9047437906265259,
            "wide_sleeves": 0.7300329208374023,
            "kimono": 0.9195332527160645,
            "chibi": 0.8579078316688538,
            "blue_skirt": 0.868963360786438,
            "shadow": 0.7526553273200989,
            "headgear": 0.9453513622283936,
            "obi": 0.45581749081611633,
            "facing_viewer": 0.4672595262527466,
            "bowl": 0.7094788551330566,
            "=_=": 0.4636913537979126,
            "white_kimono": 0.9169280529022217
        },
        "4": {
            "touhoku_kiritan": 0.9465412497520447
        }
    }
}
