{
    "tags": {
        "9": {
            "general": 0.7236164808273315,
            "sensitive": 0.2626466751098633,
            "questionable": 0.001121610403060913,
            "explicit": 0.00019240379333496094
        },
        "0": {
            "1girl": 0.993146538734436,
            "solo": 0.9759691953659058,
            "looking_at_viewer": 0.7698982954025269,
            "short_hair": 0.7989867925643921,
            "bangs": 0.6820636987686157,
            "brown_hair": 0.9418220520019531,
            "long_sleeves": 0.781836748123169,
            "holding": 0.8860820531845093,
            "hair_between_eyes": 0.48814037442207336,
            "brown_eyes": 0.8819880485534668,
            "closed_mouth": 0.7633587121963501,
            "pantyhose": 0.6874255537986755,
            "sweater": 0.9369417428970337,
            "sleeves_past_wrists": 0.7352384924888611,
            "book": 0.9246804118156433,
            "black_pantyhose": 0.45877572894096375,
            "dutch_angle": 0.9599958062171936,
            "turtleneck": 0.6029129028320312,
            "headgear": 0.6955295205116272,
            "holding_book": 0.8663784861564636,
            "turtleneck_sweater": 0.6698806881904602,
            "brown_sweater": 0.4740059971809387,
            "cable_knit": 0.5981531739234924,
            "aran_sweater": 0.5440449714660645
        },
        "4": {
            "touhoku_kiritan": 0.8751222491264343
        }
    }
}
