{
    "tags": {
        "9": {
            "general": 0.9469351172447205,
            "sensitive": 0.05984857678413391,
            "questionable": 0.0006954669952392578,
            "explicit": 0.00013399124145507812
        },
        "0": {
            "1girl": 0.4143916368484497,
            "looking_at_viewer": 0.6002035140991211,
            "smile": 0.904141902923584,
            "bangs": 0.6516486406326294,
            "multiple_girls": 0.5425834655761719,
            "simple_background": 0.4790840148925781,
            "shirt": 0.9468491077423096,
            "white_background": 0.7710517048835754,
            "2girls": 0.654346764087677,
            "purple_eyes": 0.9437756538391113,
            "closed_eyes": 0.5207507014274597,
            "white_shirt": 0.8991614580154419,
            "upper_body": 0.7764506340026855,
            "purple_hair": 0.9302159547805786,
            "braid": 0.5447288155555725,
            "white_hair": 0.41532501578330994,
            "short_sleeves": 0.7972321510314941,
            "sidelocks": 0.8120276927947998,
            "collared_shirt": 0.582467794418335,
            "blunt_bangs": 0.5791797637939453,
            "bag": 0.8958929181098938,
            "chibi": 0.48885422945022583,
            "twin_braids": 0.3958195745944977,
            "short_hair_with_long_locks": 0.8387067317962646,
            "minigirl": 0.5741626024246216,
            "shoulder_bag": 0.5144703984260559
        },
        "4": {
            "yuzuki_yukari": 0.9925401210784912,
            "kizuna_akari": 0.7121018171310425
        }
    }
}
