{
    "tags": {
        "9": {
            "general": 0.9615321159362793,
            "sensitive": 0.04087445139884949,
            "questionable": 0.0009146928787231445,
            "explicit": 0.00046712160110473633
        },
        "0": {
            "1girl": 0.9953863620758057,
            "solo": 0.9809122085571289,
            "long_hair": 0.9686193466186523,
            "open_mouth": 0.8863049745559692,
            "skirt": 0.9603325128555298,
            "shirt": 0.9486393332481384,
            "hair_ornament": 0.948344886302948,
            "thighhighs": 0.9647781848907471,
            "white_background": 0.7776048183441162,
            "bare_shoulders": 0.8724947571754456,
            "twintails": 0.9566740989685059,
            "very_long_hair": 0.7462536096572876,
            "full_body": 0.5625721216201782,
            "closed_eyes": 0.9210554361343384,
            "ahoge": 0.6080734133720398,
            "sweat": 0.8433438539505005,
            "pleated_skirt": 0.8438584804534912,
            "lying": 0.9583314657211304,
            "detached_sleeves": 0.9530016183853149,
            "necktie": 0.9078035354614258,
            "sleeveless": 0.9381047487258911,
            "black_thighhighs": 0.9028119444847107,
            "miniskirt": 0.7876031398773193,
            "black_skirt": 0.9130603075027466,
            "chibi": 0.8254847526550293,
            "zettai_ryouiki": 0.7083998322486877,
            "sleeveless_shirt": 0.9188815355300903,
            "aqua_hair": 0.906934916973114,
            "tattoo": 0.8923321962356567,
            "on_side": 0.5628743767738342,
            "blush_stickers": 0.6741780042648315,
            "on_stomach": 0.3837871253490448,
            "grey_shirt": 0.9245119094848633,
            "=_=": 0.6009469032287598,
            "black_sleeves": 0.9210841655731201,
            "shoulder_tattoo": 0.8969484567642212,
            "aqua_necktie": 0.5873064398765564
        },
        "4": {
            "hatsune_miku": 0.9856021404266357
        }
    }
}
