{
    "tags": {
        "9": {
            "general": 0.9120328426361084,
            "sensitive": 0.09279093146324158,
            "questionable": 0.0008597373962402344,
            "explicit": 0.0003272891044616699
        },
        "0": {
            "1girl": 0.993545651435852,
            "solo": 0.9570260047912598,
            "looking_at_viewer": 0.7941824197769165,
            "short_hair": 0.4767443537712097,
            "bangs": 0.779775857925415,
            "brown_hair": 0.8982160091400146,
            "red_eyes": 0.6937229037284851,
            "bow": 0.44588202238082886,
            "closed_mouth": 0.38119417428970337,
            "upper_body": 0.6420231461524963,
            "ahoge": 0.7715815305709839,
            "short_sleeves": 0.48179101943969727,
            "headgear": 0.7048054337501526,
            "blue_bow": 0.4689120054244995,
            "hands_on_own_face": 0.704562783241272,
            "hands_on_own_cheeks": 0.5403565168380737
        },
        "4": {
            "touhoku_kiritan": 0.9903743267059326
        }
    }
}
