{
    "tags": {
        "9": {
            "general": 0.9545474052429199,
            "sensitive": 0.044968605041503906,
            "questionable": 0.0012581944465637207,
            "explicit": 0.00015538930892944336
        },
        "0": {
            "short_hair": 0.6504993438720703,
            "bangs": 0.5049676895141602,
            "multiple_girls": 0.9708133935928345,
            "brown_hair": 0.5760500431060791,
            "2girls": 0.9736093282699585,
            "purple_eyes": 0.5814386010169983,
            "jacket": 0.6435989737510681,
            "yellow_eyes": 0.9475197792053223,
            "purple_hair": 0.3951217532157898,
            "ahoge": 0.6715099215507507,
            "green_hair": 0.942897617816925,
            "pants": 0.44978663325309753,
            "chibi": 0.7193520069122314,
            "headgear": 0.5434106588363647,
            "track_jacket": 0.5613288879394531,
            "green_jacket": 0.7296167016029358,
            "track_suit": 0.7557505369186401,
            "green_pants": 0.39505434036254883
        },
        "4": {
            "touhoku_kiritan": 0.9873279333114624
        }
    }
}
